b4,1513,325,view2_00017.png,1920,1200
b5,696,424,view2_00017.png,1920,1200
b7,1520,1180,view2_00017.png,1920,1200
b8,99,331,view2_00017.png,1920,1200
b13,783,336,view2_00017.png,1920,1200
b4,103,431,view7_00017.png,1920,1200
b5,798,430,view7_00017.png,1920,1200
b7,182,1062,view7_00017.png,1920,1200
b9,1774,429,view7_00017.png,1920,1200
b10,1726,1007,view7_00017.png,1920,1200
b11,1539,1035,view7_00017.png,1920,1200
b12,1352,1013,view7_00017.png,1920,1200
b7,53,879,view6_00017.png,1920,1200
b8,1653,390,view6_00017.png,1920,1200
b9,1575,384,view6_00017.png,1920,1200
b10,1540,1081,view6_00017.png,1920,1200
b11,1500,1083,view6_00017.png,1920,1200
b13,303,432,view6_00017.png,1920,1200
b10,1775,299,view5_00017.png,1920,1200
b11,1756,558,view5_00017.png,1920,1200
b6,279,490,view4_00017.png,1920,1200
b7,343,239,view4_00017.png,1920,1200
b12,1541,697,view4_00017.png,1920,1200
b5,1616,401,view3_00017.png,1920,1200
b6,1754,1105,view3_00017.png,1920,1200
b8,372,329,view3_00017.png,1920,1200
b9,318,434,view3_00017.png,1920,1200
b13,1145,324,view3_00017.png,1920,1200
b6,1609,674,view1_00017.png,1920,1200
b7,1643,50,view1_00017.png,1920,1200
b6,1721,704,view0_00017.png,1920,1200
b10,309,143,view0_00017.png,1920,1200
b11,277,189,view0_00017.png,1920,1200
b12,142,133,view0_00017.png,1920,1200